filepath,digits,indexnum,originaldigits
hsf_6/f3516_45/d3516_45/d3516_45_00015.png,5,106416,5
hsf_6/f3516_45/d3516_45/d3516_45_00011.png,2,106417,2
hsf_6/f3516_45/d3516_45/d3516_45_00008.png,9,106418,9
hsf_6/f3516_45/d3516_45/d3516_45_00027.png,7,106419,7
hsf_6/f3516_45/d3516_45/d3516_45_00094.png,5,106420,5
hsf_6/f3516_45/d3516_45/d3516_45_00067.png,2,106421,2
hsf_6/f3516_45/d3516_45/d3516_45_00080.png,6,106422,6
hsf_6/f3516_45/d3516_45/d3516_45_00029.png,4,106423,4
hsf_6/f3516_45/d3516_45/d3516_45_00105.png,3,106424,3
hsf_6/f3516_45/d3516_45/d3516_45_00042.png,3,106425,3
hsf_6/f3516_45/d3516_45/d3516_45_00109.png,5,106426,5
hsf_6/f3516_45/d3516_45/d3516_45_00024.png,4,106427,4
hsf_6/f3516_45/d3516_45/d3516_45_00040.png,4,106428,4
hsf_6/f3516_45/d3516_45/d3516_45_00076.png,2,106429,2
hsf_6/f3516_45/d3516_45/d3516_45_00017.png,7,106430,7
hsf_6/f3516_45/d3516_45/d3516_45_00014.png,1,106431,1
hsf_6/f3516_45/d3516_45/d3516_45_00049.png,6,106432,6
hsf_6/f3516_45/d3516_45/d3516_45_00005.png,6,106433,6
hsf_6/f3516_45/d3516_45/d3516_45_00010.png,1,106434,1
hsf_6/f3516_45/d3516_45/d3516_45_00056.png,1,106435,1
hsf_6/f3516_45/d3516_45/d3516_45_00057.png,7,106436,7
hsf_6/f3516_45/d3516_45/d3516_45_00077.png,2,106437,2
hsf_6/f3516_45/d3516_45/d3516_45_00007.png,8,106438,8
hsf_6/f3516_45/d3516_45/d3516_45_00120.png,3,106439,3
hsf_6/f3516_45/d3516_45/d3516_45_00088.png,8,106440,8
hsf_6/f3516_45/d3516_45/d3516_45_00034.png,7,106441,7
hsf_6/f3516_45/d3516_45/d3516_45_00065.png,2,106442,2
hsf_6/f3516_45/d3516_45/d3516_45_00081.png,9,106443,9
hsf_6/f3516_45/d3516_45/d3516_45_00116.png,7,106444,7
hsf_6/f3516_45/d3516_45/d3516_45_00100.png,0,106446,0
hsf_6/f3516_45/d3516_45/d3516_45_00031.png,4,106447,4
hsf_6/f3516_45/d3516_45/d3516_45_00093.png,8,106448,8
hsf_6/f3516_45/d3516_45/d3516_45_00123.png,6,106449,6
hsf_6/f3516_45/d3516_45/d3516_45_00051.png,2,106450,2
hsf_6/f3516_45/d3516_45/d3516_45_00050.png,0,106451,0
hsf_6/f3516_45/d3516_45/d3516_45_00099.png,5,106452,5
hsf_6/f3516_45/d3516_45/d3516_45_00036.png,3,106453,3
hsf_6/f3516_45/d3516_45/d3516_45_00020.png,0,106454,0
hsf_6/f3516_45/d3516_45/d3516_45_00068.png,3,106455,3
hsf_6/f3516_45/d3516_45/d3516_45_00107.png,3,106456,3
hsf_6/f3516_45/d3516_45/d3516_45_00030.png,1,106457,1
hsf_6/f3516_45/d3516_45/d3516_45_00028.png,3,106458,3
hsf_6/f3516_45/d3516_45/d3516_45_00071.png,9,106459,9
hsf_6/f3516_45/d3516_45/d3516_45_00045.png,1,106460,1
hsf_6/f3516_45/d3516_45/d3516_45_00012.png,3,106461,3
hsf_6/f3516_45/d3516_45/d3516_45_00079.png,8,106462,8
hsf_6/f3516_45/d3516_45/d3516_45_00019.png,9,106463,9
hsf_6/f3516_45/d3516_45/d3516_45_00086.png,0,106464,0
hsf_6/f3516_45/d3516_45/d3516_45_00087.png,0,106465,0
hsf_6/f3516_45/d3516_45/d3516_45_00074.png,8,106466,8
hsf_6/f3516_45/d3516_45/d3516_45_00064.png,8,106467,8
hsf_6/f3516_45/d3516_45/d3516_45_00035.png,3,106468,3
hsf_6/f3516_45/d3516_45/d3516_45_00083.png,4,106469,4
hsf_6/f3516_45/d3516_45/d3516_45_00039.png,9,106470,9
hsf_6/f3516_45/d3516_45/d3516_45_00097.png,3,106471,3
hsf_6/f3516_45/d3516_45/d3516_45_00119.png,4,106472,4
hsf_6/f3516_45/d3516_45/d3516_45_00113.png,9,106473,9
hsf_6/f3516_45/d3516_45/d3516_45_00101.png,3,106474,3
hsf_6/f3516_45/d3516_45/d3516_45_00090.png,8,106475,8
hsf_6/f3516_45/d3516_45/d3516_45_00095.png,1,106476,1
hsf_6/f3516_45/d3516_45/d3516_45_00060.png,0,106477,0
hsf_6/f3516_45/d3516_45/d3516_45_00106.png,1,106478,1
hsf_6/f3516_45/d3516_45/d3516_45_00018.png,8,106479,8
hsf_6/f3516_45/d3516_45/d3516_45_00092.png,6,106480,6
hsf_6/f3516_45/d3516_45/d3516_45_00102.png,6,106481,6
hsf_6/f3516_45/d3516_45/d3516_45_00085.png,4,106482,4
hsf_6/f3516_45/d3516_45/d3516_45_00022.png,2,106483,2
hsf_6/f3516_45/d3516_45/d3516_45_00114.png,5,106484,5
hsf_6/f3516_45/d3516_45/d3516_45_00066.png,9,106485,9
hsf_6/f3516_45/d3516_45/d3516_45_00103.png,7,106487,7
hsf_6/f3516_45/d3516_45/d3516_45_00078.png,9,106488,9
hsf_6/f3516_45/d3516_45/d3516_45_00072.png,8,106489,8
hsf_6/f3516_45/d3516_45/d3516_45_00038.png,1,106490,1
hsf_6/f3516_45/d3516_45/d3516_45_00052.png,8,106491,8
hsf_6/f3516_45/d3516_45/d3516_45_00118.png,7,106492,7
hsf_6/f3516_45/d3516_45/d3516_45_00112.png,9,106493,9
hsf_6/f3516_45/d3516_45/d3516_45_00004.png,5,106494,5
hsf_6/f3516_45/d3516_45/d3516_45_00055.png,2,106495,2
hsf_6/f3516_45/d3516_45/d3516_45_00069.png,7,106496,7
hsf_6/f3516_45/d3516_45/d3516_45_00082.png,5,106497,5
hsf_6/f3516_45/d3516_45/d3516_45_00058.png,5,106498,5
hsf_6/f3516_45/d3516_45/d3516_45_00073.png,7,106499,7
hsf_6/f3516_45/d3516_45/d3516_45_00084.png,4,106500,4
hsf_6/f3516_45/d3516_45/d3516_45_00023.png,3,106501,3
hsf_6/f3516_45/d3516_45/d3516_45_00009.png,0,106502,0
hsf_6/f3516_45/d3516_45/d3516_45_00096.png,7,106503,7
hsf_6/f3516_45/d3516_45/d3516_45_00006.png,7,106504,7
hsf_6/f3516_45/d3516_45/d3516_45_00037.png,2,106505,2
hsf_6/f3516_45/d3516_45/d3516_45_00059.png,0,106506,0
hsf_6/f3516_45/d3516_45/d3516_45_00044.png,1,106508,1
hsf_6/f3516_45/d3516_45/d3516_45_00047.png,1,106509,1
hsf_6/f3516_45/d3516_45/d3516_45_00016.png,6,106510,6
hsf_6/f3516_45/d3516_45/d3516_45_00075.png,9,106512,9
hsf_6/f3516_45/d3516_45/d3516_45_00089.png,0,106513,0
hsf_6/f3516_45/d3516_45/d3516_45_00091.png,6,106514,6
hsf_6/f3516_45/d3516_45/d3516_45_00117.png,2,106515,2
hsf_6/f3516_45/d3516_45/d3516_45_00063.png,6,106516,6
hsf_6/f3516_45/d3516_45/d3516_45_00115.png,0,106517,0
hsf_6/f3516_45/d3516_45/d3516_45_00033.png,6,106518,6
hsf_6/f3516_45/d3516_45/d3516_45_00000.png,1,106519,1
hsf_6/f3516_45/d3516_45/d3516_45_00026.png,6,106520,6
hsf_6/f3516_45/d3516_45/d3516_45_00122.png,7,106521,7
hsf_6/f3516_45/d3516_45/d3516_45_00021.png,1,106522,1
hsf_6/f3516_45/d3516_45/d3516_45_00046.png,0,106523,0
hsf_6/f3516_45/d3516_45/d3516_45_00025.png,5,106524,5
hsf_6/f3516_45/d3516_45/d3516_45_00043.png,9,106525,9
hsf_6/f3516_45/d3516_45/d3516_45_00110.png,1,106526,1
hsf_6/f3516_45/d3516_45/d3516_45_00061.png,2,106527,2
hsf_6/f3516_45/d3516_45/d3516_45_00054.png,5,106529,5
hsf_6/f3516_45/d3516_45/d3516_45_00032.png,6,106530,6
hsf_6/f3516_45/d3516_45/d3516_45_00070.png,6,106531,6
hsf_6/f3516_45/d3516_45/d3516_45_00104.png,8,106532,8
hsf_6/f3516_45/d3516_45/d3516_45_00053.png,2,106533,2
hsf_6/f3516_45/d3516_45/d3516_45_00108.png,9,106534,9
hsf_6/f3516_45/d3516_45/d3516_45_00041.png,7,106535,7
hsf_6/f3516_45/d3516_45/d3516_45_00001.png,2,106536,2
hsf_6/f3516_45/d3516_45/d3516_45_00121.png,1,106537,1
hsf_6/f3516_45/d3516_45/d3516_45_00111.png,5,106538,5
hsf_6/f3516_45/d3516_45/d3516_45_00062.png,0,106539,0
hsf_6/f3216_33/d3216_33/d3216_33_00029.png,9,106541,9
hsf_6/f3216_33/d3216_33/d3216_33_00115.png,1,106542,1
hsf_6/f3216_33/d3216_33/d3216_33_00114.png,4,106543,4
hsf_6/f3216_33/d3216_33/d3216_33_00070.png,1,106544,1
hsf_6/f3216_33/d3216_33/d3216_33_00005.png,7,106545,7
hsf_6/f3216_33/d3216_33/d3216_33_00117.png,2,106546,2
hsf_6/f3216_33/d3216_33/d3216_33_00040.png,9,106548,9
hsf_6/f3216_33/d3216_33/d3216_33_00020.png,4,106549,4
hsf_6/f3216_33/d3216_33/d3216_33_00039.png,1,106550,1
hsf_6/f3216_33/d3216_33/d3216_33_00060.png,5,106551,5
hsf_6/f3216_33/d3216_33/d3216_33_00087.png,0,106552,0
hsf_6/f3216_33/d3216_33/d3216_33_00016.png,0,106553,0
hsf_6/f3216_33/d3216_33/d3216_33_00047.png,1,106554,1
hsf_6/f3216_33/d3216_33/d3216_33_00109.png,3,106555,3
hsf_6/f3216_33/d3216_33/d3216_33_00095.png,5,106556,5
hsf_6/f3216_33/d3216_33/d3216_33_00108.png,5,106557,5
hsf_6/f3216_33/d3216_33/d3216_33_00034.png,8,106558,8
hsf_6/f3216_33/d3216_33/d3216_33_00015.png,9,106559,9
hsf_6/f3216_33/d3216_33/d3216_33_00098.png,3,106560,3
hsf_6/f3216_33/d3216_33/d3216_33_00038.png,4,106561,4
hsf_6/f3216_33/d3216_33/d3216_33_00107.png,2,106562,2
hsf_6/f3216_33/d3216_33/d3216_33_00064.png,9,106563,9
hsf_6/f3216_33/d3216_33/d3216_33_00078.png,7,106564,7
hsf_6/f3216_33/d3216_33/d3216_33_00037.png,0,106565,0
hsf_6/f3216_33/d3216_33/d3216_33_00076.png,1,106566,1
hsf_6/f3216_33/d3216_33/d3216_33_00036.png,9,106567,9
hsf_6/f3216_33/d3216_33/d3216_33_00051.png,7,106568,7
hsf_6/f3216_33/d3216_33/d3216_33_00071.png,0,106569,0
hsf_6/f3216_33/d3216_33/d3216_33_00030.png,5,106571,5
hsf_6/f3216_33/d3216_33/d3216_33_00063.png,6,106572,6
hsf_6/f3216_33/d3216_33/d3216_33_00057.png,0,106573,0
hsf_6/f3216_33/d3216_33/d3216_33_00106.png,2,106574,2
hsf_6/f3216_33/d3216_33/d3216_33_00026.png,8,106575,8
hsf_6/f3216_33/d3216_33/d3216_33_00054.png,5,106576,5
hsf_6/f3216_33/d3216_33/d3216_33_00105.png,6,106577,6
hsf_6/f3216_33/d3216_33/d3216_33_00022.png,6,106579,6
hsf_6/f3216_33/d3216_33/d3216_33_00055.png,9,106580,9
hsf_6/f3216_33/d3216_33/d3216_33_00041.png,3,106581,3
hsf_6/f3216_33/d3216_33/d3216_33_00062.png,4,106582,4
hsf_6/f3216_33/d3216_33/d3216_33_00111.png,5,106583,5
hsf_6/f3216_33/d3216_33/d3216_33_00088.png,3,106584,3
hsf_6/f3216_33/d3216_33/d3216_33_00044.png,4,106585,4
hsf_6/f3216_33/d3216_33/d3216_33_00110.png,2,106587,2
hsf_6/f3216_33/d3216_33/d3216_33_00061.png,3,106588,3
hsf_6/f3216_33/d3216_33/d3216_33_00099.png,7,106589,7
hsf_6/f3216_33/d3216_33/d3216_33_00031.png,7,106590,7
hsf_6/f3216_33/d3216_33/d3216_33_00119.png,5,106591,5
hsf_6/f3216_33/d3216_33/d3216_33_00006.png,8,106592,8
hsf_6/f3216_33/d3216_33/d3216_33_00004.png,6,106593,6
hsf_6/f3216_33/d3216_33/d3216_33_00102.png,9,106594,9
hsf_6/f3216_33/d3216_33/d3216_33_00102.png,9,106595,9
hsf_6/f3216_33/d3216_33/d3216_33_00025.png,9,106596,9
hsf_6/f3216_33/d3216_33/d3216_33_00116.png,7,106597,7
hsf_6/f3216_33/d3216_33/d3216_33_00001.png,1,106598,1
hsf_6/f3216_33/d3216_33/d3216_33_00091.png,4,106599,4
hsf_6/f3216_33/d3216_33/d3216_33_00046.png,0,106600,0
hsf_6/f3216_33/d3216_33/d3216_33_00075.png,1,106601,1
hsf_6/f3216_33/d3216_33/d3216_33_00052.png,8,106602,8
hsf_6/f3216_33/d3216_33/d3216_33_00077.png,7,106603,7
hsf_6/f3216_33/d3216_33/d3216_33_00082.png,8,106604,8
hsf_6/f3216_33/d3216_33/d3216_33_00053.png,2,106605,2
hsf_6/f3216_33/d3216_33/d3216_33_00018.png,2,106606,2
hsf_6/f3216_33/d3216_33/d3216_33_00010.png,2,106608,2
hsf_6/f3216_33/d3216_33/d3216_33_00019.png,3,106609,3
hsf_6/f3216_33/d3216_33/d3216_33_00074.png,2,106610,2
hsf_6/f3216_33/d3216_33/d3216_33_00066.png,1,106611,1
hsf_6/f3216_33/d3216_33/d3216_33_00073.png,6,106612,6
hsf_6/f3216_33/d3216_33/d3216_33_00112.png,5,106613,5
hsf_6/f3216_33/d3216_33/d3216_33_00113.png,9,106614,9
hsf_6/f3216_33/d3216_33/d3216_33_00003.png,5,106615,5
hsf_6/f3216_33/d3216_33/d3216_33_00048.png,9,106616,9
hsf_6/f3216_33/d3216_33/d3216_33_00083.png,4,106617,4
hsf_6/f3216_33/d3216_33/d3216_33_00043.png,4,106618,4
hsf_6/f3216_33/d3216_33/d3216_33_00028.png,0,106619,0
hsf_6/f3216_33/d3216_33/d3216_33_00101.png,4,106620,4
hsf_6/f3216_33/d3216_33/d3216_33_00059.png,5,106621,5
hsf_6/f3216_33/d3216_33/d3216_33_00089.png,6,106622,6
hsf_6/f3216_33/d3216_33/d3216_33_00056.png,6,106623,6
hsf_6/f3216_33/d3216_33/d3216_33_00049.png,2,106624,2
hsf_6/f3216_33/d3216_33/d3216_33_00032.png,5,106625,5
hsf_6/f3216_33/d3216_33/d3216_33_00027.png,1,106626,1
hsf_6/f3216_33/d3216_33/d3216_33_00093.png,7,106627,7
hsf_6/f3216_33/d3216_33/d3216_33_00068.png,1,106628,1
hsf_6/f3216_33/d3216_33/d3216_33_00072.png,0,106629,0
hsf_6/f3216_33/d3216_33/d3216_33_00050.png,8,106630,8
hsf_6/f3216_33/d3216_33/d3216_33_00013.png,7,106632,7
hsf_6/f3216_33/d3216_33/d3216_33_00017.png,1,106633,1
hsf_6/f3216_33/d3216_33/d3216_33_00012.png,6,106634,6
hsf_6/f3216_33/d3216_33/d3216_33_00023.png,7,106635,7
hsf_6/f3216_33/d3216_33/d3216_33_00085.png,0,106636,0
hsf_6/f3216_33/d3216_33/d3216_33_00000.png,0,106638,0
hsf_6/f3216_33/d3216_33/d3216_33_00086.png,7,106639,7
hsf_6/f3216_33/d3216_33/d3216_33_00002.png,4,106640,4
hsf_6/f3216_33/d3216_33/d3216_33_00009.png,1,106641,1
hsf_6/f3216_33/d3216_33/d3216_33_00033.png,1,106642,1
hsf_6/f3216_33/d3216_33/d3216_33_00094.png,1,106643,1
hsf_6/f3216_33/d3216_33/d3216_33_00045.png,7,106644,7
hsf_6/f3216_33/d3216_33/d3216_33_00097.png,9,106645,9
hsf_6/f3216_33/d3216_33/d3216_33_00096.png,9,106646,9
hsf_6/f3216_33/d3216_33/d3216_33_00103.png,4,106647,4
hsf_6/f3216_33/d3216_33/d3216_33_00092.png,3,106648,3
hsf_6/f3216_33/d3216_33/d3216_33_00007.png,9,106649,9
hsf_6/f3216_33/d3216_33/d3216_33_00084.png,6,106650,6
hsf_6/f3216_33/d3216_33/d3216_33_00118.png,6,106651,6
hsf_6/f3216_33/d3216_33/d3216_33_00081.png,7,106652,7
hsf_6/f3216_33/d3216_33/d3216_33_00035.png,6,106653,6
hsf_6/f3216_33/d3216_33/d3216_33_00008.png,0,106654,0
hsf_6/f3216_33/d3216_33/d3216_33_00058.png,6,106655,6
hsf_6/f3216_33/d3216_33/d3216_33_00021.png,5,106656,5
hsf_6/f3216_33/d3216_33/d3216_33_00069.png,6,106657,6
hsf_6/f3216_33/d3216_33/d3216_33_00067.png,4,106659,4
hsf_6/f3449_11/d3449_11/d3449_11_00086.png,9,106661,9
hsf_6/f3449_11/d3449_11/d3449_11_00010.png,0,106662,0
hsf_6/f3449_11/d3449_11/d3449_11_00025.png,5,106663,5
hsf_6/f3449_11/d3449_11/d3449_11_00103.png,0,106664,0
hsf_6/f3449_11/d3449_11/d3449_11_00071.png,6,106665,6
hsf_6/f3449_11/d3449_11/d3449_11_00074.png,8,106666,8
hsf_6/f3449_11/d3449_11/d3449_11_00085.png,8,106667,8
hsf_6/f3449_11/d3449_11/d3449_11_00072.png,5,106668,5
hsf_6/f3449_11/d3449_11/d3449_11_00099.png,6,106669,6
hsf_6/f3449_11/d3449_11/d3449_11_00019.png,9,106670,9
hsf_6/f3449_11/d3449_11/d3449_11_00070.png,3,106671,3
hsf_6/f3449_11/d3449_11/d3449_11_00123.png,8,106672,8
hsf_6/f3449_11/d3449_11/d3449_11_00098.png,9,106673,9
hsf_6/f3449_11/d3449_11/d3449_11_00014.png,4,106674,4
hsf_6/f3449_11/d3449_11/d3449_11_00059.png,4,106675,4
hsf_6/f3449_11/d3449_11/d3449_11_00042.png,6,106676,6
hsf_6/f3449_11/d3449_11/d3449_11_00026.png,6,106677,6
hsf_6/f3449_11/d3449_11/d3449_11_00089.png,2,106678,2
hsf_6/f3449_11/d3449_11/d3449_11_00116.png,4,106679,4
hsf_6/f3449_11/d3449_11/d3449_11_00081.png,8,106680,8
hsf_6/f3449_11/d3449_11/d3449_11_00092.png,1,106681,1
hsf_6/f3449_11/d3449_11/d3449_11_00023.png,3,106682,3
hsf_6/f3449_11/d3449_11/d3449_11_00079.png,7,106683,7
hsf_6/f3449_11/d3449_11/d3449_11_00016.png,6,106684,6
hsf_6/f3449_11/d3449_11/d3449_11_00108.png,2,106685,2
hsf_6/f3449_11/d3449_11/d3449_11_00036.png,1,106686,1
hsf_6/f3449_11/d3449_11/d3449_11_00046.png,8,106687,8
hsf_6/f3449_11/d3449_11/d3449_11_00115.png,9,106688,9
hsf_6/f3449_11/d3449_11/d3449_11_00041.png,5,106689,5
hsf_6/f3449_11/d3449_11/d3449_11_00073.png,1,106690,1
hsf_6/f3449_11/d3449_11/d3449_11_00058.png,0,106691,0
hsf_6/f3449_11/d3449_11/d3449_11_00083.png,3,106692,3
hsf_6/f3449_11/d3449_11/d3449_11_00012.png,2,106693,2
hsf_6/f3449_11/d3449_11/d3449_11_00022.png,2,106694,2
hsf_6/f3449_11/d3449_11/d3449_11_00008.png,8,106695,8
hsf_6/f3449_11/d3449_11/d3449_11_00057.png,6,106696,6
hsf_6/f3449_11/d3449_11/d3449_11_00097.png,9,106697,9
hsf_6/f3449_11/d3449_11/d3449_11_00121.png,6,106698,6
hsf_6/f3449_11/d3449_11/d3449_11_00033.png,3,106699,3
hsf_6/f3449_11/d3449_11/d3449_11_00024.png,4,106700,4
hsf_6/f3449_11/d3449_11/d3449_11_00105.png,5,106701,5
hsf_6/f3449_11/d3449_11/d3449_11_00127.png,5,106702,5
hsf_6/f3449_11/d3449_11/d3449_11_00100.png,0,106703,0
hsf_6/f3449_11/d3449_11/d3449_11_00054.png,0,106704,0
hsf_6/f3449_11/d3449_11/d3449_11_00050.png,1,106705,1
hsf_6/f3449_11/d3449_11/d3449_11_00117.png,0,106706,0
hsf_6/f3449_11/d3449_11/d3449_11_00018.png,8,106707,8
hsf_6/f3449_11/d3449_11/d3449_11_00038.png,7,106708,7
hsf_6/f3449_11/d3449_11/d3449_11_00039.png,6,106709,6
hsf_6/f3449_11/d3449_11/d3449_11_00005.png,5,106710,5
hsf_6/f3449_11/d3449_11/d3449_11_00035.png,3,106711,3
hsf_6/f3449_11/d3449_11/d3449_11_00007.png,7,106712,7
hsf_6/f3449_11/d3449_11/d3449_11_00032.png,7,106713,7
hsf_6/f3449_11/d3449_11/d3449_11_00096.png,1,106714,1
hsf_6/f3449_11/d3449_11/d3449_11_00052.png,7,106715,7
hsf_6/f3449_11/d3449_11/d3449_11_00003.png,3,106716,3
hsf_6/f3449_11/d3449_11/d3449_11_00111.png,4,106717,4
hsf_6/f3449_11/d3449_11/d3449_11_00122.png,5,106718,5
hsf_6/f3449_11/d3449_11/d3449_11_00030.png,7,106719,7
hsf_6/f3449_11/d3449_11/d3449_11_00102.png,4,106720,4
hsf_6/f3449_11/d3449_11/d3449_11_00125.png,4,106721,4
hsf_6/f3449_11/d3449_11/d3449_11_00120.png,1,106722,1
hsf_6/f3449_11/d3449_11/d3449_11_00068.png,3,106723,3
hsf_6/f3449_11/d3449_11/d3449_11_00015.png,5,106724,5
hsf_6/f3449_11/d3449_11/d3449_11_00101.png,9,106725,9
hsf_6/f3449_11/d3449_11/d3449_11_00011.png,1,106726,1
hsf_6/f3449_11/d3449_11/d3449_11_00021.png,1,106727,1
hsf_6/f3449_11/d3449_11/d3449_11_00067.png,2,106728,2
hsf_6/f3449_11/d3449_11/d3449_11_00075.png,5,106729,5
hsf_6/f3449_11/d3449_11/d3449_11_00013.png,3,106730,3
hsf_6/f3449_11/d3449_11/d3449_11_00090.png,5,106731,5
hsf_6/f3449_11/d3449_11/d3449_11_00095.png,9,106732,9
hsf_6/f3449_11/d3449_11/d3449_11_00048.png,2,106733,2
hsf_6/f3449_11/d3449_11/d3449_11_00053.png,2,106734,2
hsf_6/f3449_11/d3449_11/d3449_11_00106.png,0,106735,0
hsf_6/f3449_11/d3449_11/d3449_11_00017.png,7,106736,7
hsf_6/f3449_11/d3449_11/d3449_11_00062.png,4,106737,4
hsf_6/f3449_11/d3449_11/d3449_11_00088.png,6,106738,6
hsf_6/f3449_11/d3449_11/d3449_11_00094.png,2,106739,2
hsf_6/f3449_11/d3449_11/d3449_11_00000.png,0,106740,0
hsf_6/f3449_11/d3449_11/d3449_11_00045.png,6,106741,6
hsf_6/f3449_11/d3449_11/d3449_11_00069.png,1,106742,1
hsf_6/f3449_11/d3449_11/d3449_11_00004.png,4,106743,4
hsf_6/f3449_11/d3449_11/d3449_11_00063.png,5,106744,5
hsf_6/f3449_11/d3449_11/d3449_11_00040.png,4,106745,4
hsf_6/f3449_11/d3449_11/d3449_11_00049.png,8,106746,8
hsf_6/f3449_11/d3449_11/d3449_11_00037.png,8,106747,8
hsf_6/f3449_11/d3449_11/d3449_11_00110.png,1,106748,1
hsf_6/f3449_11/d3449_11/d3449_11_00084.png,7,106749,7
hsf_6/f3449_11/d3449_11/d3449_11_00060.png,6,106750,6
hsf_6/f3449_11/d3449_11/d3449_11_00124.png,9,106751,9
hsf_6/f3449_11/d3449_11/d3449_11_00044.png,2,106752,2
hsf_6/f3449_11/d3449_11/d3449_11_00028.png,8,106753,8
hsf_6/f3449_11/d3449_11/d3449_11_00001.png,1,106754,1
hsf_6/f3449_11/d3449_11/d3449_11_00119.png,9,106755,9
hsf_6/f3449_11/d3449_11/d3449_11_00113.png,5,106756,5
hsf_6/f3449_11/d3449_11/d3449_11_00031.png,7,106757,7
hsf_6/f3449_11/d3449_11/d3449_11_00061.png,4,106758,4
hsf_6/f3449_11/d3449_11/d3449_11_00043.png,0,106759,0
hsf_6/f3449_11/d3449_11/d3449_11_00055.png,7,106760,7
hsf_6/f3449_11/d3449_11/d3449_11_00077.png,4,106761,4
hsf_6/f3449_11/d3449_11/d3449_11_00104.png,4,106762,4
hsf_6/f3449_11/d3449_11/d3449_11_00056.png,1,106763,1
hsf_6/f3449_11/d3449_11/d3449_11_00107.png,9,106764,9
hsf_6/f3449_11/d3449_11/d3449_11_00020.png,0,106765,0
hsf_6/f3449_11/d3449_11/d3449_11_00006.png,6,106767,6
hsf_6/f3449_11/d3449_11/d3449_11_00087.png,2,106768,2
hsf_6/f3449_11/d3449_11/d3449_11_00112.png,3,106769,3
hsf_6/f3449_11/d3449_11/d3449_11_00078.png,0,106770,0
hsf_6/f3449_11/d3449_11/d3449_11_00093.png,7,106771,7
hsf_6/f3449_11/d3449_11/d3449_11_00047.png,3,106772,3
hsf_6/f3449_11/d3449_11/d3449_11_00066.png,6,106773,6
hsf_6/f3449_11/d3449_11/d3449_11_00009.png,9,106774,9
hsf_6/f3449_11/d3449_11/d3449_11_00034.png,0,106775,0
hsf_6/f3449_11/d3449_11/d3449_11_00076.png,9,106776,9
hsf_6/f3449_11/d3449_11/d3449_11_00029.png,9,106777,9
hsf_6/f3449_11/d3449_11/d3449_11_00065.png,0,106778,0
hsf_6/f3449_11/d3449_11/d3449_11_00080.png,5,106779,5
hsf_6/f3449_11/d3449_11/d3449_11_00126.png,2,106780,2
hsf_6/f3449_11/d3449_11/d3449_11_00118.png,2,106781,2
hsf_6/f3449_11/d3449_11/d3449_11_00002.png,2,106782,2
hsf_6/f3449_11/d3449_11/d3449_11_00051.png,1,106783,1
hsf_6/f3449_11/d3449_11/d3449_11_00114.png,2,106784,2
hsf_6/f3449_11/d3449_11/d3449_11_00027.png,7,106785,7
hsf_6/f3449_11/d3449_11/d3449_11_00109.png,8,106786,8
hsf_6/f3449_11/d3449_11/d3449_11_00082.png,8,106787,8
hsf_6/f3449_11/d3449_11/d3449_11_00064.png,8,106788,8
hsf_6/f3430_38/d3430_38/d3430_38_00019.png,9,106789,9
hsf_6/f3430_38/d3430_38/d3430_38_00045.png,1,106790,1
hsf_6/f3430_38/d3430_38/d3430_38_00127.png,5,106791,5
hsf_6/f3430_38/d3430_38/d3430_38_00073.png,2,106792,2
hsf_6/f3430_38/d3430_38/d3430_38_00108.png,3,106793,3
hsf_6/f3430_38/d3430_38/d3430_38_00112.png,1,106794,1
hsf_6/f3430_38/d3430_38/d3430_38_00106.png,9,106795,9
hsf_6/f3430_38/d3430_38/d3430_38_00076.png,5,106796,5
hsf_6/f3430_38/d3430_38/d3430_38_00010.png,0,106797,0
hsf_6/f3430_38/d3430_38/d3430_38_00039.png,4,106798,4
hsf_6/f3430_38/d3430_38/d3430_38_00023.png,3,106799,3
hsf_6/f3430_38/d3430_38/d3430_38_00054.png,9,106800,9
hsf_6/f3430_38/d3430_38/d3430_38_00059.png,1,106801,1
hsf_6/f3430_38/d3430_38/d3430_38_00037.png,9,106802,9
hsf_6/f3430_38/d3430_38/d3430_38_00013.png,3,106803,3
hsf_6/f3430_38/d3430_38/d3430_38_00072.png,1,106805,1
hsf_6/f3430_38/d3430_38/d3430_38_00035.png,1,106806,1
hsf_6/f3430_38/d3430_38/d3430_38_00026.png,6,106808,6
hsf_6/f3430_38/d3430_38/d3430_38_00061.png,7,106809,7
hsf_6/f3430_38/d3430_38/d3430_38_00021.png,1,106810,1
hsf_6/f3430_38/d3430_38/d3430_38_00031.png,2,106811,2
hsf_6/f3430_38/d3430_38/d3430_38_00009.png,9,106812,9
hsf_6/f3430_38/d3430_38/d3430_38_00125.png,7,106813,7
hsf_6/f3430_38/d3430_38/d3430_38_00087.png,5,106814,5
hsf_6/f3430_38/d3430_38/d3430_38_00015.png,5,106815,5
hsf_6/f3430_38/d3430_38/d3430_38_00116.png,1,106816,1
hsf_6/f3430_38/d3430_38/d3430_38_00085.png,2,106817,2
hsf_6/f3430_38/d3430_38/d3430_38_00107.png,6,106818,6
hsf_6/f3430_38/d3430_38/d3430_38_00068.png,6,106819,6
hsf_6/f3430_38/d3430_38/d3430_38_00113.png,6,106820,6
hsf_6/f3430_38/d3430_38/d3430_38_00055.png,1,106821,1
hsf_6/f3430_38/d3430_38/d3430_38_00053.png,4,106822,4
hsf_6/f3430_38/d3430_38/d3430_38_00058.png,4,106823,4
hsf_6/f3430_38/d3430_38/d3430_38_00016.png,6,106824,6
hsf_6/f3430_38/d3430_38/d3430_38_00091.png,2,106825,2
hsf_6/f3430_38/d3430_38/d3430_38_00064.png,8,106826,8
hsf_6/f3430_38/d3430_38/d3430_38_00032.png,6,106827,6
hsf_6/f3430_38/d3430_38/d3430_38_00048.png,0,106828,0
hsf_6/f3430_38/d3430_38/d3430_38_00122.png,6,106829,6
hsf_6/f3430_38/d3430_38/d3430_38_00109.png,1,106830,1
hsf_6/f3430_38/d3430_38/d3430_38_00014.png,4,106831,4
hsf_6/f3430_38/d3430_38/d3430_38_00090.png,5,106832,5
hsf_6/f3430_38/d3430_38/d3430_38_00128.png,8,106834,8
hsf_6/f3430_38/d3430_38/d3430_38_00088.png,0,106835,0
hsf_6/f3430_38/d3430_38/d3430_38_00047.png,5,106836,5
hsf_6/f3430_38/d3430_38/d3430_38_00093.png,4,106837,4
hsf_6/f3430_38/d3430_38/d3430_38_00083.png,2,106838,2
hsf_6/f3430_38/d3430_38/d3430_38_00030.png,8,106839,8
hsf_6/f3430_38/d3430_38/d3430_38_00018.png,8,106840,8
hsf_6/f3430_38/d3430_38/d3430_38_00119.png,6,106841,6
hsf_6/f3430_38/d3430_38/d3430_38_00094.png,4,106842,4
hsf_6/f3430_38/d3430_38/d3430_38_00011.png,1,106843,1
hsf_6/f3430_38/d3430_38/d3430_38_00040.png,4,106845,4
hsf_6/f3430_38/d3430_38/d3430_38_00006.png,6,106846,6
hsf_6/f3430_38/d3430_38/d3430_38_00044.png,4,106847,4
hsf_6/f3430_38/d3430_38/d3430_38_00050.png,5,106848,5
hsf_6/f3430_38/d3430_38/d3430_38_00012.png,2,106849,2
hsf_6/f3430_38/d3430_38/d3430_38_00005.png,5,106850,5
hsf_6/f3430_38/d3430_38/d3430_38_00024.png,4,106851,4
hsf_6/f3430_38/d3430_38/d3430_38_00074.png,5,106852,5
hsf_6/f3430_38/d3430_38/d3430_38_00120.png,0,106853,0
hsf_6/f3430_38/d3430_38/d3430_38_00092.png,1,106854,1
hsf_6/f3430_38/d3430_38/d3430_38_00063.png,0,106856,0
hsf_6/f3430_38/d3430_38/d3430_38_00096.png,0,106857,0
hsf_6/f3430_38/d3430_38/d3430_38_00003.png,3,106858,3
hsf_6/f3430_38/d3430_38/d3430_38_00103.png,8,106859,8
hsf_6/f3430_38/d3430_38/d3430_38_00022.png,2,106860,2
hsf_6/f3430_38/d3430_38/d3430_38_00077.png,6,106861,6
hsf_6/f3430_38/d3430_38/d3430_38_00082.png,0,106862,0
hsf_6/f3430_38/d3430_38/d3430_38_00121.png,5,106863,5
hsf_6/f3430_38/d3430_38/d3430_38_00117.png,0,106864,0
hsf_6/f3430_38/d3430_38/d3430_38_00042.png,8,106865,8
hsf_6/f3430_38/d3430_38/d3430_38_00100.png,7,106866,7
hsf_6/f3430_38/d3430_38/d3430_38_00052.png,0,106867,0
hsf_6/f3430_38/d3430_38/d3430_38_00060.png,8,106868,8
hsf_6/f3430_38/d3430_38/d3430_38_00098.png,5,106869,5
hsf_6/f3430_38/d3430_38/d3430_38_00017.png,7,106870,7
hsf_6/f3430_38/d3430_38/d3430_38_00069.png,2,106871,2
hsf_6/f3430_38/d3430_38/d3430_38_00029.png,9,106872,9
hsf_6/f3430_38/d3430_38/d3430_38_00123.png,6,106873,6
hsf_6/f3430_38/d3430_38/d3430_38_00115.png,3,106874,3
hsf_6/f3430_38/d3430_38/d3430_38_00043.png,1,106875,1
hsf_6/f3430_38/d3430_38/d3430_38_00078.png,7,106877,7
hsf_6/f3430_38/d3430_38/d3430_38_00065.png,1,106879,1
hsf_6/f3430_38/d3430_38/d3430_38_00099.png,4,106880,4
hsf_6/f3430_38/d3430_38/d3430_38_00104.png,8,106881,8
hsf_6/f3430_38/d3430_38/d3430_38_00025.png,5,106882,5
hsf_6/f3430_38/d3430_38/d3430_38_00062.png,6,106883,6
hsf_6/f3430_38/d3430_38/d3430_38_00067.png,2,106885,2
hsf_6/f3430_38/d3430_38/d3430_38_00070.png,0,106886,0
hsf_6/f3430_38/d3430_38/d3430_38_00033.png,9,106887,9
hsf_6/f3430_38/d3430_38/d3430_38_00102.png,7,106888,7
hsf_6/f3430_38/d3430_38/d3430_38_00046.png,2,106889,2
hsf_6/f3430_38/d3430_38/d3430_38_00038.png,9,106890,9
hsf_6/f3430_38/d3430_38/d3430_38_00057.png,4,106891,4
hsf_6/f3430_38/d3430_38/d3430_38_00075.png,4,106892,4
hsf_6/f3430_38/d3430_38/d3430_38_00080.png,5,106893,5
hsf_6/f3430_38/d3430_38/d3430_38_00002.png,2,106894,2
hsf_6/f3430_38/d3430_38/d3430_38_00000.png,0,106895,0
hsf_6/f3430_38/d3430_38/d3430_38_00007.png,7,106896,7
hsf_6/f3430_38/d3430_38/d3430_38_00034.png,6,106897,6
hsf_6/f3430_38/d3430_38/d3430_38_00118.png,2,106898,2
hsf_6/f3430_38/d3430_38/d3430_38_00124.png,8,106899,8
hsf_6/f3430_38/d3430_38/d3430_38_00114.png,3,106900,3
hsf_6/f3430_38/d3430_38/d3430_38_00086.png,7,106901,7
hsf_6/f3430_38/d3430_38/d3430_38_00041.png,3,106902,3
hsf_6/f3430_38/d3430_38/d3430_38_00101.png,9,106903,9
hsf_6/f3430_38/d3430_38/d3430_38_00081.png,3,106904,3
hsf_6/f3430_38/d3430_38/d3430_38_00071.png,9,106905,9
hsf_6/f3430_38/d3430_38/d3430_38_00089.png,3,106906,3
hsf_6/f3430_38/d3430_38/d3430_38_00036.png,9,106907,9
hsf_6/f3430_38/d3430_38/d3430_38_00004.png,4,106908,4
hsf_6/f3430_38/d3430_38/d3430_38_00084.png,2,106909,2
hsf_6/f3430_38/d3430_38/d3430_38_00020.png,0,106910,0
hsf_6/f3430_38/d3430_38/d3430_38_00110.png,7,106911,7
hsf_6/f3430_38/d3430_38/d3430_38_00111.png,0,106912,0
hsf_6/f3430_38/d3430_38/d3430_38_00056.png,7,106913,7
hsf_6/f3430_38/d3430_38/d3430_38_00105.png,7,106914,7
hsf_6/f3430_38/d3430_38/d3430_38_00079.png,7,106915,7
hsf_6/f3430_38/d3430_38/d3430_38_00066.png,8,106916,8
hsf_6/f3430_38/d3430_38/d3430_38_00049.png,9,106917,9
hsf_6/f3430_38/d3430_38/d3430_38_00129.png,3,106918,3
hsf_6/f3529_11/d3529_11/d3529_11_00062.png,4,106919,4
hsf_6/f3529_11/d3529_11/d3529_11_00050.png,1,106920,1
hsf_6/f3529_11/d3529_11/d3529_11_00043.png,0,106921,0
hsf_6/f3529_11/d3529_11/d3529_11_00034.png,0,106922,0
hsf_6/f3529_11/d3529_11/d3529_11_00108.png,0,106923,0
hsf_6/f3529_11/d3529_11/d3529_11_00008.png,8,106924,8
hsf_6/f3529_11/d3529_11/d3529_11_00016.png,6,106925,6
hsf_6/f3529_11/d3529_11/d3529_11_00088.png,6,106926,6
hsf_6/f3529_11/d3529_11/d3529_11_00112.png,2,106927,2
hsf_6/f3529_11/d3529_11/d3529_11_00039.png,6,106928,6
hsf_6/f3529_11/d3529_11/d3529_11_00116.png,2,106929,2
hsf_6/f3529_11/d3529_11/d3529_11_00118.png,1,106930,1
hsf_6/f3529_11/d3529_11/d3529_11_00075.png,5,106931,5
hsf_6/f3529_11/d3529_11/d3529_11_00009.png,9,106932,9
hsf_6/f3529_11/d3529_11/d3529_11_00105.png,0,106933,0
hsf_6/f3529_11/d3529_11/d3529_11_00099.png,6,106934,6
hsf_6/f3529_11/d3529_11/d3529_11_00002.png,2,106935,2
hsf_6/f3529_11/d3529_11/d3529_11_00098.png,9,106936,9
hsf_6/f3529_11/d3529_11/d3529_11_00119.png,6,106937,6
hsf_6/f3529_11/d3529_11/d3529_11_00114.png,4,106938,4
hsf_6/f3529_11/d3529_11/d3529_11_00012.png,7,106939,7
hsf_6/f3529_11/d3529_11/d3529_11_00035.png,3,106940,3
hsf_6/f3529_11/d3529_11/d3529_11_00056.png,1,106941,1
hsf_6/f3529_11/d3529_11/d3529_11_00021.png,1,106942,1
hsf_6/f3529_11/d3529_11/d3529_11_00101.png,9,106943,9
hsf_6/f3529_11/d3529_11/d3529_11_00104.png,7,106944,7
hsf_6/f3529_11/d3529_11/d3529_11_00032.png,7,106945,7
hsf_6/f3529_11/d3529_11/d3529_11_00066.png,6,106946,6
hsf_6/f3529_11/d3529_11/d3529_11_00051.png,1,106947,1
hsf_6/f3529_11/d3529_11/d3529_11_00103.png,3,106948,3
hsf_6/f3529_11/d3529_11/d3529_11_00014.png,4,106949,4
hsf_6/f3529_11/d3529_11/d3529_11_00031.png,7,106950,7
hsf_6/f3529_11/d3529_11/d3529_11_00041.png,5,106951,5
hsf_6/f3529_11/d3529_11/d3529_11_00120.png,5,106952,5
hsf_6/f3529_11/d3529_11/d3529_11_00023.png,3,106953,3
hsf_6/f3529_11/d3529_11/d3529_11_00097.png,9,106954,9
hsf_6/f3529_11/d3529_11/d3529_11_00006.png,6,106955,6
hsf_6/f3529_11/d3529_11/d3529_11_00045.png,6,106956,6
hsf_6/f3529_11/d3529_11/d3529_11_00063.png,5,106957,5
hsf_6/f3529_11/d3529_11/d3529_11_00092.png,1,106958,1
hsf_6/f3529_11/d3529_11/d3529_11_00082.png,8,106959,8
hsf_6/f3529_11/d3529_11/d3529_11_00076.png,9,106960,9
hsf_6/f3529_11/d3529_11/d3529_11_00055.png,7,106961,7
hsf_6/f3529_11/d3529_11/d3529_11_00020.png,0,106962,0
hsf_6/f3529_11/d3529_11/d3529_11_00000.png,0,106963,0
hsf_6/f3529_11/d3529_11/d3529_11_00058.png,0,106964,0
hsf_6/f3529_11/d3529_11/d3529_11_00068.png,3,106965,3
hsf_6/f3529_11/d3529_11/d3529_11_00107.png,5,106966,5
hsf_6/f3529_11/d3529_11/d3529_11_00085.png,8,106967,8
hsf_6/f3529_11/d3529_11/d3529_11_00024.png,4,106968,4
hsf_6/f3529_11/d3529_11/d3529_11_00095.png,9,106969,9
hsf_6/f3529_11/d3529_11/d3529_11_00061.png,4,106970,4
hsf_6/f3529_11/d3529_11/d3529_11_00033.png,3,106971,3
hsf_6/f3529_11/d3529_11/d3529_11_00059.png,4,106972,4
hsf_6/f3529_11/d3529_11/d3529_11_00121.png,8,106973,8
hsf_6/f3529_11/d3529_11/d3529_11_00111.png,5,106974,5
hsf_6/f3529_11/d3529_11/d3529_11_00090.png,5,106975,5
hsf_6/f3529_11/d3529_11/d3529_11_00018.png,8,106976,8
hsf_6/f3529_11/d3529_11/d3529_11_00122.png,9,106977,9
hsf_6/f3529_11/d3529_11/d3529_11_00053.png,2,106978,2
hsf_6/f3529_11/d3529_11/d3529_11_00046.png,8,106979,8
hsf_6/f3529_11/d3529_11/d3529_11_00065.png,0,106980,0
hsf_6/f3529_11/d3529_11/d3529_11_00040.png,4,106981,4
hsf_6/f3529_11/d3529_11/d3529_11_00113.png,9,106982,9
hsf_6/f3529_11/d3529_11/d3529_11_00015.png,5,106983,5
hsf_6/f3529_11/d3529_11/d3529_11_00017.png,7,106984,7
hsf_6/f3529_11/d3529_11/d3529_11_00005.png,5,106985,5
hsf_6/f3529_11/d3529_11/d3529_11_00093.png,7,106986,7
hsf_6/f3529_11/d3529_11/d3529_11_00096.png,1,106987,1
hsf_6/f3529_11/d3529_11/d3529_11_00117.png,9,106988,9
hsf_6/f3529_11/d3529_11/d3529_11_00030.png,7,106989,7
hsf_6/f3529_11/d3529_11/d3529_11_00074.png,8,106990,8
hsf_6/f3529_11/d3529_11/d3529_11_00073.png,1,106991,1
hsf_6/f3529_11/d3529_11/d3529_11_00102.png,4,106992,4
hsf_6/f3529_11/d3529_11/d3529_11_00079.png,7,106993,7
hsf_6/f3529_11/d3529_11/d3529_11_00086.png,9,106994,9
hsf_6/f3529_11/d3529_11/d3529_11_00037.png,8,106995,8
hsf_6/f3529_11/d3529_11/d3529_11_00057.png,6,106996,6
hsf_6/f3529_11/d3529_11/d3529_11_00100.png,0,106997,0
hsf_6/f3529_11/d3529_11/d3529_11_00123.png,4,106998,4
hsf_6/f3529_11/d3529_11/d3529_11_00064.png,8,106999,8
hsf_6/f3529_11/d3529_11/d3529_11_00011.png,1,107000,1
hsf_6/f3529_11/d3529_11/d3529_11_00026.png,6,107001,6
hsf_6/f3529_11/d3529_11/d3529_11_00115.png,0,107002,0
hsf_6/f3529_11/d3529_11/d3529_11_00071.png,6,107003,6
hsf_6/f3529_11/d3529_11/d3529_11_00038.png,7,107004,7
hsf_6/f3529_11/d3529_11/d3529_11_00029.png,9,107005,9
hsf_6/f3529_11/d3529_11/d3529_11_00042.png,6,107006,6
hsf_6/f3529_11/d3529_11/d3529_11_00106.png,4,107007,4
hsf_6/f3529_11/d3529_11/d3529_11_00013.png,3,107008,3
hsf_6/f3529_11/d3529_11/d3529_11_00052.png,7,107009,7
hsf_6/f3529_11/d3529_11/d3529_11_00089.png,2,107010,2
hsf_6/f3529_11/d3529_11/d3529_11_00007.png,7,107011,7
hsf_6/f3529_11/d3529_11/d3529_11_00027.png,7,107012,7
hsf_6/f3529_11/d3529_11/d3529_11_00022.png,2,107013,2
hsf_6/f3529_11/d3529_11/d3529_11_00049.png,8,107014,8
hsf_6/f3529_11/d3529_11/d3529_11_00003.png,3,107015,3
hsf_6/f3529_11/d3529_11/d3529_11_00087.png,2,107016,2
hsf_6/f3529_11/d3529_11/d3529_11_00069.png,1,107017,1
hsf_6/f3529_11/d3529_11/d3529_11_00044.png,2,107018,2
hsf_6/f3529_11/d3529_11/d3529_11_00067.png,2,107019,2
hsf_6/f3529_11/d3529_11/d3529_11_00077.png,4,107020,4
hsf_6/f3529_11/d3529_11/d3529_11_00036.png,1,107021,1
hsf_6/f3529_11/d3529_11/d3529_11_00060.png,6,107022,6
hsf_6/f3529_11/d3529_11/d3529_11_00054.png,0,107023,0
hsf_6/f3529_11/d3529_11/d3529_11_00124.png,2,107024,2
hsf_6/f3529_11/d3529_11/d3529_11_00078.png,0,107025,0
hsf_6/f3529_11/d3529_11/d3529_11_00001.png,1,107026,1
hsf_6/f3529_11/d3529_11/d3529_11_00028.png,8,107027,8
hsf_6/f3529_11/d3529_11/d3529_11_00070.png,3,107028,3
hsf_6/f3529_11/d3529_11/d3529_11_00072.png,5,107029,5
hsf_6/f3529_11/d3529_11/d3529_11_00094.png,3,107030,3
hsf_6/f3529_11/d3529_11/d3529_11_00019.png,9,107031,9
hsf_6/f3529_11/d3529_11/d3529_11_00083.png,3,107032,3
hsf_6/f3529_11/d3529_11/d3529_11_00047.png,3,107033,3
hsf_6/f3529_11/d3529_11/d3529_11_00010.png,0,107034,0
hsf_6/f3529_11/d3529_11/d3529_11_00048.png,2,107035,2
hsf_6/f3529_11/d3529_11/d3529_11_00084.png,7,107036,7
hsf_6/f3529_11/d3529_11/d3529_11_00091.png,3,107037,3
hsf_6/f3529_11/d3529_11/d3529_11_00081.png,8,107038,8
hsf_6/f3529_11/d3529_11/d3529_11_00125.png,5,107039,5
hsf_6/f3529_11/d3529_11/d3529_11_00110.png,3,107040,3
hsf_6/f3529_11/d3529_11/d3529_11_00004.png,4,107041,4
hsf_6/f3529_11/d3529_11/d3529_11_00080.png,5,107042,5
hsf_6/f3529_11/d3529_11/d3529_11_00109.png,9,107043,9
hsf_6/f3529_11/d3529_11/d3529_11_00025.png,5,107044,5
hsf_6/f3534_47/d3534_47/d3534_47_00038.png,1,107045,1
hsf_6/f3534_47/d3534_47/d3534_47_00021.png,8,107046,8
hsf_6/f3534_47/d3534_47/d3534_47_00065.png,6,107047,6
hsf_6/f3534_47/d3534_47/d3534_47_00034.png,5,107048,5
hsf_6/f3534_47/d3534_47/d3534_47_00007.png,0,107049,0
hsf_6/f3534_47/d3534_47/d3534_47_00030.png,6,107050,6
hsf_6/f3534_47/d3534_47/d3534_47_00110.png,7,107051,7
hsf_6/f3534_47/d3534_47/d3534_47_00016.png,1,107052,1
hsf_6/f3534_47/d3534_47/d3534_47_00098.png,3,107053,3
hsf_6/f3534_47/d3534_47/d3534_47_00047.png,4,107054,4
hsf_6/f3534_47/d3534_47/d3534_47_00056.png,4,107055,4
hsf_6/f3534_47/d3534_47/d3534_47_00042.png,9,107057,9
hsf_6/f3534_47/d3534_47/d3534_47_00012.png,5,107058,5
hsf_6/f3534_47/d3534_47/d3534_47_00032.png,9,107059,9
hsf_6/f3534_47/d3534_47/d3534_47_00043.png,6,107060,6
hsf_6/f3534_47/d3534_47/d3534_47_00044.png,1,107061,1
hsf_6/f3534_47/d3534_47/d3534_47_00008.png,1,107062,1
hsf_6/f3534_47/d3534_47/d3534_47_00086.png,0,107063,0
hsf_6/f3534_47/d3534_47/d3534_47_00085.png,1,107064,1
hsf_6/f3534_47/d3534_47/d3534_47_00050.png,7,107066,7
hsf_6/f3534_47/d3534_47/d3534_47_00058.png,1,107067,1
hsf_6/f3534_47/d3534_47/d3534_47_00000.png,1,107069,1
hsf_6/f3534_47/d3534_47/d3534_47_00020.png,7,107070,7
hsf_6/f3534_47/d3534_47/d3534_47_00113.png,7,107071,7
hsf_6/f3534_47/d3534_47/d3534_47_00075.png,9,107072,9
hsf_6/f3534_47/d3534_47/d3534_47_00084.png,1,107073,1
hsf_6/f3534_47/d3534_47/d3534_47_00054.png,6,107074,6
hsf_6/f3534_47/d3534_47/d3534_47_00071.png,4,107075,4
hsf_6/f3534_47/d3534_47/d3534_47_00114.png,8,107076,8
hsf_6/f3534_47/d3534_47/d3534_47_00019.png,6,107077,6
hsf_6/f3534_47/d3534_47/d3534_47_00088.png,6,107078,6
hsf_6/f3534_47/d3534_47/d3534_47_00066.png,4,107080,4
hsf_6/f3534_47/d3534_47/d3534_47_00055.png,2,107081,2
hsf_6/f3534_47/d3534_47/d3534_47_00036.png,7,107082,7
hsf_6/f3534_47/d3534_47/d3534_47_00023.png,0,107083,0
hsf_6/f3534_47/d3534_47/d3534_47_00064.png,0,107084,0
hsf_6/f3534_47/d3534_47/d3534_47_00005.png,6,107085,6
hsf_6/f3534_47/d3534_47/d3534_47_00031.png,5,107086,5
hsf_6/f3534_47/d3534_47/d3534_47_00039.png,5,107087,5
hsf_6/f3534_47/d3534_47/d3534_47_00063.png,8,107088,8
hsf_6/f3534_47/d3534_47/d3534_47_00090.png,6,107089,6
hsf_6/f3534_47/d3534_47/d3534_47_00070.png,2,107090,2
hsf_6/f3534_47/d3534_47/d3534_47_00060.png,9,107091,9
hsf_6/f3534_47/d3534_47/d3534_47_00035.png,0,107092,0
hsf_6/f3534_47/d3534_47/d3534_47_00022.png,9,107093,9
hsf_6/f3534_47/d3534_47/d3534_47_00087.png,7,107094,7
hsf_6/f3534_47/d3534_47/d3534_47_00073.png,5,107095,5
hsf_6/f3534_47/d3534_47/d3534_47_00017.png,4,107096,4
hsf_6/f3534_47/d3534_47/d3534_47_00069.png,1,107097,1
hsf_6/f3534_47/d3534_47/d3534_47_00057.png,8,107098,8
hsf_6/f3534_47/d3534_47/d3534_47_00112.png,5,107099,5
hsf_6/f3534_47/d3534_47/d3534_47_00108.png,8,107100,8
hsf_6/f3534_47/d3534_47/d3534_47_00076.png,6,107101,6
hsf_6/f3534_47/d3534_47/d3534_47_00092.png,6,107102,6
hsf_6/f3534_47/d3534_47/d3534_47_00029.png,2,107103,2
hsf_6/f3534_47/d3534_47/d3534_47_00014.png,7,107104,7
hsf_6/f3534_47/d3534_47/d3534_47_00061.png,2,107106,2
hsf_6/f3534_47/d3534_47/d3534_47_00046.png,7,107107,7
hsf_6/f3534_47/d3534_47/d3534_47_00080.png,9,107108,9
hsf_6/f3534_47/d3534_47/d3534_47_00059.png,5,107109,5
hsf_6/f3534_47/d3534_47/d3534_47_00067.png,3,107110,3
hsf_6/f3534_47/d3534_47/d3534_47_00040.png,0,107111,0
hsf_6/f3534_47/d3534_47/d3534_47_00025.png,1,107112,1
hsf_6/f3534_47/d3534_47/d3534_47_00001.png,2,107114,2
hsf_6/f3534_47/d3534_47/d3534_47_00041.png,7,107115,7
hsf_6/f3534_47/d3534_47/d3534_47_00051.png,9,107116,9
hsf_6/f3534_47/d3534_47/d3534_47_00083.png,7,107117,7
hsf_6/f3534_47/d3534_47/d3534_47_00081.png,0,107118,0
hsf_6/f3534_47/d3534_47/d3534_47_00072.png,1,107119,1
hsf_6/f3534_47/d3534_47/d3534_47_00024.png,2,107120,2
hsf_6/f3534_47/d3534_47/d3534_47_00062.png,2,107121,2
hsf_6/f3534_47/d3534_47/d3534_47_00078.png,0,107122,0
hsf_6/f3534_47/d3534_47/d3534_47_00045.png,6,107123,6
hsf_6/f3534_47/d3534_47/d3534_47_00003.png,4,107124,4
hsf_6/f3534_47/d3534_47/d3534_47_00077.png,4,107125,4
hsf_6/f3534_47/d3534_47/d3534_47_00109.png,3,107126,3
hsf_6/f3534_47/d3534_47/d3534_47_00094.png,4,107127,4
hsf_6/f3534_47/d3534_47/d3534_47_00095.png,8,107128,8
hsf_6/f3534_47/d3534_47/d3534_47_00053.png,5,107130,5
hsf_6/f3534_47/d3534_47/d3534_47_00082.png,2,107131,2
hsf_6/f3534_47/d3534_47/d3534_47_00100.png,8,107132,8
hsf_6/f3534_47/d3534_47/d3534_47_00006.png,7,107133,7
hsf_6/f3534_47/d3534_47/d3534_47_00049.png,5,107134,5
hsf_6/f3534_47/d3534_47/d3534_47_00099.png,7,107135,7
hsf_6/f3534_47/d3534_47/d3534_47_00037.png,1,107136,1
hsf_6/f3534_47/d3534_47/d3534_47_00013.png,6,107137,6
hsf_6/f3534_47/d3534_47/d3534_47_00011.png,4,107139,4
hsf_6/f3534_47/d3534_47/d3534_47_00028.png,4,107140,4
hsf_6/f3534_47/d3534_47/d3534_47_00079.png,3,107141,3
hsf_6/f3534_47/d3534_47/d3534_47_00107.png,6,107142,6
hsf_6/f3534_47/d3534_47/d3534_47_00027.png,9,107143,9
hsf_6/f3534_47/d3534_47/d3534_47_00105.png,0,107145,0
hsf_6/f3534_47/d3534_47/d3534_47_00009.png,2,107146,2
hsf_6/f3534_47/d3534_47/d3534_47_00111.png,8,107147,8
hsf_6/f3534_47/d3534_47/d3534_47_00093.png,9,107148,9
hsf_6/f3534_47/d3534_47/d3534_47_00089.png,7,107149,7
hsf_6/f3534_47/d3534_47/d3534_47_00096.png,4,107150,4
hsf_6/f3534_47/d3534_47/d3534_47_00102.png,0,107151,0
hsf_6/f3534_47/d3534_47/d3534_47_00106.png,0,107152,0
hsf_6/f3534_47/d3534_47/d3534_47_00018.png,5,107153,5
hsf_6/f3534_47/d3534_47/d3534_47_00091.png,0,107154,0
hsf_6/f3534_47/d3534_47/d3534_47_00048.png,9,107155,9
hsf_6/f3534_47/d3534_47/d3534_47_00101.png,1,107156,1
hsf_6/f3534_47/d3534_47/d3534_47_00004.png,5,107158,5
hsf_6/f3534_47/d3534_47/d3534_47_00015.png,0,107159,0
hsf_6/f3596_19/d3596_19/d3596_19_00086.png,7,107160,7
hsf_6/f3596_19/d3596_19/d3596_19_00058.png,9,107161,9
hsf_6/f3596_19/d3596_19/d3596_19_00077.png,7,107162,7
hsf_6/f3596_19/d3596_19/d3596_19_00100.png,6,107163,6
hsf_6/f3596_19/d3596_19/d3596_19_00036.png,1,107164,1
hsf_6/f3596_19/d3596_19/d3596_19_00022.png,4,107165,4
hsf_6/f3596_19/d3596_19/d3596_19_00033.png,4,107166,4
hsf_6/f3596_19/d3596_19/d3596_19_00116.png,3,107167,3
hsf_6/f3596_19/d3596_19/d3596_19_00042.png,5,107168,5
hsf_6/f3596_19/d3596_19/d3596_19_00005.png,5,107169,5
hsf_6/f3596_19/d3596_19/d3596_19_00090.png,4,107170,4
hsf_6/f3596_19/d3596_19/d3596_19_00093.png,6,107171,6
hsf_6/f3596_19/d3596_19/d3596_19_00020.png,2,107172,2
hsf_6/f3596_19/d3596_19/d3596_19_00040.png,8,107173,8
hsf_6/f3596_19/d3596_19/d3596_19_00039.png,5,107174,5
hsf_6/f3596_19/d3596_19/d3596_19_00096.png,2,107175,2
hsf_6/f3596_19/d3596_19/d3596_19_00091.png,6,107176,6
hsf_6/f3596_19/d3596_19/d3596_19_00106.png,7,107177,7
hsf_6/f3596_19/d3596_19/d3596_19_00019.png,1,107178,1
hsf_6/f3596_19/d3596_19/d3596_19_00083.png,6,107179,6
hsf_6/f3596_19/d3596_19/d3596_19_00066.png,7,107180,7
hsf_6/f3596_19/d3596_19/d3596_19_00107.png,8,107181,8
hsf_6/f3596_19/d3596_19/d3596_19_00103.png,1,107182,1
hsf_6/f3596_19/d3596_19/d3596_19_00001.png,1,107183,1
hsf_6/f3596_19/d3596_19/d3596_19_00088.png,3,107184,3
hsf_6/f3596_19/d3596_19/d3596_19_00026.png,8,107185,8
hsf_6/f3596_19/d3596_19/d3596_19_00094.png,5,107186,5
hsf_6/f3596_19/d3596_19/d3596_19_00025.png,7,107187,7
hsf_6/f3596_19/d3596_19/d3596_19_00014.png,4,107188,4
hsf_6/f3596_19/d3596_19/d3596_19_00060.png,0,107189,0
hsf_6/f3596_19/d3596_19/d3596_19_00032.png,5,107190,5
hsf_6/f3596_19/d3596_19/d3596_19_00029.png,0,107191,0
hsf_6/f3596_19/d3596_19/d3596_19_00031.png,3,107192,3
hsf_6/f3596_19/d3596_19/d3596_19_00063.png,8,107193,8
hsf_6/f3596_19/d3596_19/d3596_19_00092.png,4,107195,4
hsf_6/f3596_19/d3596_19/d3596_19_00035.png,2,107196,2
hsf_6/f3596_19/d3596_19/d3596_19_00011.png,1,107197,1
hsf_6/f3596_19/d3596_19/d3596_19_00000.png,0,107198,0
hsf_6/f3596_19/d3596_19/d3596_19_00007.png,7,107199,7
hsf_6/f3596_19/d3596_19/d3596_19_00041.png,8,107200,8
hsf_6/f3596_19/d3596_19/d3596_19_00068.png,9,107201,9
hsf_6/f3596_19/d3596_19/d3596_19_00030.png,8,107202,8
hsf_6/f3596_19/d3596_19/d3596_19_00037.png,0,107203,0
hsf_6/f3596_19/d3596_19/d3596_19_00114.png,7,107204,7
hsf_6/f3596_19/d3596_19/d3596_19_00102.png,0,107205,0
hsf_6/f3596_19/d3596_19/d3596_19_00006.png,6,107206,6
hsf_6/f3596_19/d3596_19/d3596_19_00108.png,1,107207,1
hsf_6/f3596_19/d3596_19/d3596_19_00027.png,5,107208,5
hsf_6/f3596_19/d3596_19/d3596_19_00016.png,6,107209,6
hsf_6/f3596_19/d3596_19/d3596_19_00045.png,4,107210,4
hsf_6/f3596_19/d3596_19/d3596_19_00079.png,4,107211,4
hsf_6/f3596_19/d3596_19/d3596_19_00053.png,6,107212,6
hsf_6/f3596_19/d3596_19/d3596_19_00109.png,4,107213,4
hsf_6/f3596_19/d3596_19/d3596_19_00023.png,5,107214,5
hsf_6/f3596_19/d3596_19/d3596_19_00084.png,1,107215,1
hsf_6/f3596_19/d3596_19/d3596_19_00049.png,1,107216,1
hsf_6/f3596_19/d3596_19/d3596_19_00076.png,9,107217,9
hsf_6/f3596_19/d3596_19/d3596_19_00070.png,7,107218,7
hsf_6/f3596_19/d3596_19/d3596_19_00113.png,2,107219,2
hsf_6/f3596_19/d3596_19/d3596_19_00012.png,2,107220,2
hsf_6/f3596_19/d3596_19/d3596_19_00018.png,0,107221,0
hsf_6/f3596_19/d3596_19/d3596_19_00055.png,3,107222,3
hsf_6/f3596_19/d3596_19/d3596_19_00047.png,1,107223,1
hsf_6/f3596_19/d3596_19/d3596_19_00057.png,4,107224,4
hsf_6/f3596_19/d3596_19/d3596_19_00080.png,1,107225,1
hsf_6/f3596_19/d3596_19/d3596_19_00061.png,9,107226,9
hsf_6/f3596_19/d3596_19/d3596_19_00117.png,9,107227,9
hsf_6/f3596_19/d3596_19/d3596_19_00051.png,0,107228,0
hsf_6/f3596_19/d3596_19/d3596_19_00056.png,7,107229,7
hsf_6/f3596_19/d3596_19/d3596_19_00099.png,5,107230,5
hsf_6/f3596_19/d3596_19/d3596_19_00003.png,3,107232,3
hsf_6/f3596_19/d3596_19/d3596_19_00082.png,0,107233,0
hsf_6/f3596_19/d3596_19/d3596_19_00065.png,2,107234,2
hsf_6/f3596_19/d3596_19/d3596_19_00062.png,4,107235,4
hsf_6/f3596_19/d3596_19/d3596_19_00059.png,7,107236,7
hsf_6/f3596_19/d3596_19/d3596_19_00112.png,8,107237,8
hsf_6/f3596_19/d3596_19/d3596_19_00010.png,0,107238,0
hsf_6/f3596_19/d3596_19/d3596_19_00115.png,9,107239,9
hsf_6/f3596_19/d3596_19/d3596_19_00097.png,1,107241,1
hsf_6/f3596_19/d3596_19/d3596_19_00074.png,4,107242,4
hsf_6/f3596_19/d3596_19/d3596_19_00050.png,3,107243,3
hsf_6/f3596_19/d3596_19/d3596_19_00009.png,9,107244,9
hsf_6/f3596_19/d3596_19/d3596_19_00081.png,2,107245,2
hsf_6/f3596_19/d3596_19/d3596_19_00064.png,3,107246,3
hsf_6/f3596_19/d3596_19/d3596_19_00067.png,7,107247,7
hsf_6/f3596_19/d3596_19/d3596_19_00004.png,4,107248,4
hsf_6/f3596_19/d3596_19/d3596_19_00072.png,5,107249,5
hsf_6/f3596_19/d3596_19/d3596_19_00043.png,3,107250,3
hsf_6/f3596_19/d3596_19/d3596_19_00071.png,6,107251,6
hsf_6/f3596_19/d3596_19/d3596_19_00044.png,0,107252,0
hsf_6/f3596_19/d3596_19/d3596_19_00046.png,4,107253,4
hsf_6/f3596_19/d3596_19/d3596_19_00073.png,2,107254,2
hsf_6/f3596_19/d3596_19/d3596_19_00089.png,6,107255,6
hsf_6/f3596_19/d3596_19/d3596_19_00002.png,2,107256,2
hsf_6/f3596_19/d3596_19/d3596_19_00098.png,0,107257,0
hsf_6/f3596_19/d3596_19/d3596_19_00101.png,5,107258,5
hsf_6/f3596_19/d3596_19/d3596_19_00013.png,3,107259,3
hsf_6/f3596_19/d3596_19/d3596_19_00008.png,8,107260,8
hsf_6/f3596_19/d3596_19/d3596_19_00021.png,3,107261,3
hsf_6/f3596_19/d3596_19/d3596_19_00075.png,8,107262,8
hsf_6/f3596_19/d3596_19/d3596_19_00078.png,6,107263,6
hsf_6/f3596_19/d3596_19/d3596_19_00015.png,5,107264,5
hsf_6/f3596_19/d3596_19/d3596_19_00052.png,3,107265,3
hsf_6/f3596_19/d3596_19/d3596_19_00087.png,2,107266,2
hsf_6/f3596_19/d3596_19/d3596_19_00110.png,3,107267,3
hsf_6/f3596_19/d3596_19/d3596_19_00048.png,6,107268,6
hsf_6/f3596_19/d3596_19/d3596_19_00105.png,1,107269,1
hsf_6/f3596_19/d3596_19/d3596_19_00028.png,5,107270,5
hsf_6/f3596_19/d3596_19/d3596_19_00017.png,7,107271,7
hsf_6/f3596_19/d3596_19/d3596_19_00085.png,1,107272,1
hsf_6/f3596_19/d3596_19/d3596_19_00054.png,9,107273,9
hsf_6/f3596_19/d3596_19/d3596_19_00054.png,9,107274,9
hsf_6/f3596_19/d3596_19/d3596_19_00095.png,0,107275,0
hsf_6/f3596_19/d3596_19/d3596_19_00069.png,5,107276,5
hsf_6/f3596_19/d3596_19/d3596_19_00034.png,8,107277,8
hsf_6/f3596_19/d3596_19/d3596_19_00038.png,2,107278,2
hsf_6/f3153_49/d3153_49/d3153_49_00072.png,6,107279,6
hsf_6/f3153_49/d3153_49/d3153_49_00021.png,1,107280,1
hsf_6/f3153_49/d3153_49/d3153_49_00037.png,2,107281,2
hsf_6/f3153_49/d3153_49/d3153_49_00115.png,4,107282,4
hsf_6/f3153_49/d3153_49/d3153_49_00034.png,3,107283,3
hsf_6/f3153_49/d3153_49/d3153_49_00054.png,6,107284,6
hsf_6/f3153_49/d3153_49/d3153_49_00078.png,7,107285,7
hsf_6/f3153_49/d3153_49/d3153_49_00040.png,3,107286,3
hsf_6/f3153_49/d3153_49/d3153_49_00000.png,0,107287,0
hsf_6/f3153_49/d3153_49/d3153_49_00083.png,1,107288,1
hsf_6/f3153_49/d3153_49/d3153_49_00126.png,3,107289,3
hsf_6/f3153_49/d3153_49/d3153_49_00023.png,3,107290,3
hsf_6/f3153_49/d3153_49/d3153_49_00096.png,2,107291,2
hsf_6/f3153_49/d3153_49/d3153_49_00124.png,0,107292,0
hsf_6/f3153_49/d3153_49/d3153_49_00060.png,2,107293,2
hsf_6/f3153_49/d3153_49/d3153_49_00114.png,5,107294,5
hsf_6/f3153_49/d3153_49/d3153_49_00022.png,2,107295,2
hsf_6/f3153_49/d3153_49/d3153_49_00067.png,6,107296,6
hsf_6/f3153_49/d3153_49/d3153_49_00024.png,4,107297,4
hsf_6/f3153_49/d3153_49/d3153_49_00066.png,1,107299,1
hsf_6/f3153_49/d3153_49/d3153_49_00082.png,8,107300,8
hsf_6/f3153_49/d3153_49/d3153_49_00091.png,0,107301,0
hsf_6/f3153_49/d3153_49/d3153_49_00009.png,9,107302,9
hsf_6/f3153_49/d3153_49/d3153_49_00033.png,8,107303,8
hsf_6/f3153_49/d3153_49/d3153_49_00002.png,2,107304,2
hsf_6/f3153_49/d3153_49/d3153_49_00058.png,1,107305,1
hsf_6/f3153_49/d3153_49/d3153_49_00081.png,1,107306,1
hsf_6/f3153_49/d3153_49/d3153_49_00025.png,5,107307,5
hsf_6/f3153_49/d3153_49/d3153_49_00031.png,5,107308,5
hsf_6/f3153_49/d3153_49/d3153_49_00109.png,2,107309,2
hsf_6/f3153_49/d3153_49/d3153_49_00080.png,8,107310,8
hsf_6/f3153_49/d3153_49/d3153_49_00120.png,7,107311,7
hsf_6/f3153_49/d3153_49/d3153_49_00125.png,7,107312,7
hsf_6/f3153_49/d3153_49/d3153_49_00118.png,1,107314,1
hsf_6/f3153_49/d3153_49/d3153_49_00084.png,1,107315,1
hsf_6/f3153_49/d3153_49/d3153_49_00035.png,9,107316,9
hsf_6/f3153_49/d3153_49/d3153_49_00030.png,0,107317,0
hsf_6/f3153_49/d3153_49/d3153_49_00017.png,7,107318,7
hsf_6/f3153_49/d3153_49/d3153_49_00011.png,1,107319,1
hsf_6/f3153_49/d3153_49/d3153_49_00069.png,8,107320,8
hsf_6/f3153_49/d3153_49/d3153_49_00076.png,6,107321,6
hsf_6/f3153_49/d3153_49/d3153_49_00062.png,3,107322,3
hsf_6/f3153_49/d3153_49/d3153_49_00053.png,9,107323,9
hsf_6/f3153_49/d3153_49/d3153_49_00048.png,5,107324,5
hsf_6/f3153_49/d3153_49/d3153_49_00018.png,8,107325,8
hsf_6/f3153_49/d3153_49/d3153_49_00051.png,0,107326,0
hsf_6/f3153_49/d3153_49/d3153_49_00101.png,8,107327,8
hsf_6/f3153_49/d3153_49/d3153_49_00008.png,8,107328,8
hsf_6/f3153_49/d3153_49/d3153_49_00119.png,4,107329,4
hsf_6/f3153_49/d3153_49/d3153_49_00047.png,2,107330,2
hsf_6/f3153_49/d3153_49/d3153_49_00036.png,0,107331,0
hsf_6/f3153_49/d3153_49/d3153_49_00005.png,5,107332,5
hsf_6/f3153_49/d3153_49/d3153_49_00006.png,6,107333,6
hsf_6/f3153_49/d3153_49/d3153_49_00007.png,7,107334,7
hsf_6/f3153_49/d3153_49/d3153_49_00050.png,7,107335,7
hsf_6/f3153_49/d3153_49/d3153_49_00089.png,5,107336,5
hsf_6/f3153_49/d3153_49/d3153_49_00056.png,7,107337,7
hsf_6/f3153_49/d3153_49/d3153_49_00104.png,8,107338,8
hsf_6/f3153_49/d3153_49/d3153_49_00075.png,2,107339,2
hsf_6/f3153_49/d3153_49/d3153_49_00107.png,9,107340,9
hsf_6/f3153_49/d3153_49/d3153_49_00100.png,9,107341,9
hsf_6/f3153_49/d3153_49/d3153_49_00105.png,2,107342,2
hsf_6/f3153_49/d3153_49/d3153_49_00071.png,9,107343,9
hsf_6/f3153_49/d3153_49/d3153_49_00063.png,4,107344,4
hsf_6/f3153_49/d3153_49/d3153_49_00014.png,4,107345,4
hsf_6/f3153_49/d3153_49/d3153_49_00112.png,8,107346,8
hsf_6/f3153_49/d3153_49/d3153_49_00020.png,0,107347,0
hsf_6/f3153_49/d3153_49/d3153_49_00041.png,9,107348,9
hsf_6/f3153_49/d3153_49/d3153_49_00099.png,4,107349,4
hsf_6/f3153_49/d3153_49/d3153_49_00086.png,7,107350,7
hsf_6/f3153_49/d3153_49/d3153_49_00029.png,9,107351,9
hsf_6/f3153_49/d3153_49/d3153_49_00028.png,8,107352,8
hsf_6/f3153_49/d3153_49/d3153_49_00121.png,1,107354,1
hsf_6/f3153_49/d3153_49/d3153_49_00113.png,2,107355,2
hsf_6/f3153_49/d3153_49/d3153_49_00026.png,6,107356,6
hsf_6/f3153_49/d3153_49/d3153_49_00043.png,5,107357,5
hsf_6/f3153_49/d3153_49/d3153_49_00122.png,2,107358,2
hsf_6/f3153_49/d3153_49/d3153_49_00042.png,9,107359,9
hsf_6/f3153_49/d3153_49/d3153_49_00012.png,2,107361,2
hsf_6/f3153_49/d3153_49/d3153_49_00106.png,9,107362,9
hsf_6/f3153_49/d3153_49/d3153_49_00032.png,6,107363,6
hsf_6/f3153_49/d3153_49/d3153_49_00117.png,7,107364,7
hsf_6/f3153_49/d3153_49/d3153_49_00087.png,0,107365,0
hsf_6/f3153_49/d3153_49/d3153_49_00004.png,4,107366,4
hsf_6/f3153_49/d3153_49/d3153_49_00010.png,0,107367,0
hsf_6/f3153_49/d3153_49/d3153_49_00045.png,4,107368,4
hsf_6/f3153_49/d3153_49/d3153_49_00098.png,0,107369,0
hsf_6/f3153_49/d3153_49/d3153_49_00015.png,5,107370,5
hsf_6/f3153_49/d3153_49/d3153_49_00116.png,1,107372,1
hsf_6/f3153_49/d3153_49/d3153_49_00044.png,6,107373,6
hsf_6/f3153_49/d3153_49/d3153_49_00039.png,3,107374,3
hsf_6/f3153_49/d3153_49/d3153_49_00123.png,6,107375,6
hsf_6/f3153_49/d3153_49/d3153_49_00079.png,8,107376,8
hsf_6/f3153_49/d3153_49/d3153_49_00074.png,1,107377,1
hsf_6/f3153_49/d3153_49/d3153_49_00052.png,3,107378,3
hsf_6/f3153_49/d3153_49/d3153_49_00103.png,1,107379,1
hsf_6/f3153_49/d3153_49/d3153_49_00108.png,5,107380,5
hsf_6/f3153_49/d3153_49/d3153_49_00073.png,5,107381,5
hsf_6/f3153_49/d3153_49/d3153_49_00038.png,3,107382,3
hsf_6/f3153_49/d3153_49/d3153_49_00064.png,0,107383,0
hsf_6/f3153_49/d3153_49/d3153_49_00013.png,3,107384,3
hsf_6/f3153_49/d3153_49/d3153_49_00016.png,6,107386,6
hsf_6/f3153_49/d3153_49/d3153_49_00057.png,9,107387,9
hsf_6/f3153_49/d3153_49/d3153_49_00088.png,7,107388,7
hsf_6/f3153_49/d3153_49/d3153_49_00061.png,6,107389,6
hsf_6/f3153_49/d3153_49/d3153_49_00110.png,6,107390,6
hsf_6/f3153_49/d3153_49/d3153_49_00093.png,5,107391,5
hsf_6/f3153_49/d3153_49/d3153_49_00019.png,9,107392,9
hsf_6/f3153_49/d3153_49/d3153_49_00001.png,1,107394,1
hsf_6/f3153_49/d3153_49/d3153_49_00003.png,3,107395,3
hsf_6/f3153_49/d3153_49/d3153_49_00059.png,5,107396,5
hsf_6/f3153_49/d3153_49/d3153_49_00095.png,5,107397,5
hsf_6/f3153_49/d3153_49/d3153_49_00049.png,4,107398,4
hsf_6/f3153_49/d3153_49/d3153_49_00097.png,8,107399,8
hsf_6/f3153_49/d3153_49/d3153_49_00092.png,1,107400,1
hsf_6/f3153_49/d3153_49/d3153_49_00027.png,7,107401,7
hsf_6/f3153_49/d3153_49/d3153_49_00085.png,2,107402,2
hsf_6/f3153_49/d3153_49/d3153_49_00055.png,8,107403,8
hsf_6/f3153_49/d3153_49/d3153_49_00094.png,0,107404,0
hsf_6/f3153_49/d3153_49/d3153_49_00077.png,6,107405,6
hsf_6/f3251_33/d3251_33/d3251_33_00049.png,0,107406,0
hsf_6/f3251_33/d3251_33/d3251_33_00087.png,0,107407,0
hsf_6/f3251_33/d3251_33/d3251_33_00113.png,3,107408,3
hsf_6/f3251_33/d3251_33/d3251_33_00108.png,3,107409,3
hsf_6/f3251_33/d3251_33/d3251_33_00103.png,7,107410,7
hsf_6/f3251_33/d3251_33/d3251_33_00008.png,8,107411,8
hsf_6/f3251_33/d3251_33/d3251_33_00002.png,2,107412,2
hsf_6/f3251_33/d3251_33/d3251_33_00029.png,9,107413,9
hsf_6/f3251_33/d3251_33/d3251_33_00019.png,9,107414,9
hsf_6/f3251_33/d3251_33/d3251_33_00074.png,2,107415,2
hsf_6/f3251_33/d3251_33/d3251_33_00097.png,7,107416,7
hsf_6/f3251_33/d3251_33/d3251_33_00026.png,6,107417,6
hsf_6/f3251_33/d3251_33/d3251_33_00114.png,2,107418,2
hsf_6/f3251_33/d3251_33/d3251_33_00095.png,4,107419,4
hsf_6/f3251_33/d3251_33/d3251_33_00071.png,0,107420,0
hsf_6/f3251_33/d3251_33/d3251_33_00093.png,6,107421,6
hsf_6/f3251_33/d3251_33/d3251_33_00042.png,1,107422,1
hsf_6/f3251_33/d3251_33/d3251_33_00089.png,0,107423,0
hsf_6/f3251_33/d3251_33/d3251_33_00059.png,5,107424,5
hsf_6/f3251_33/d3251_33/d3251_33_00110.png,2,107425,2
hsf_6/f3251_33/d3251_33/d3251_33_00039.png,9,107426,9
hsf_6/f3251_33/d3251_33/d3251_33_00012.png,2,107427,2
hsf_6/f3251_33/d3251_33/d3251_33_00067.png,4,107428,4
hsf_6/f3251_33/d3251_33/d3251_33_00015.png,5,107429,5
hsf_6/f3251_33/d3251_33/d3251_33_00021.png,1,107430,1
hsf_6/f3251_33/d3251_33/d3251_33_00099.png,5,107432,5
hsf_6/f3251_33/d3251_33/d3251_33_00107.png,4,107433,4
hsf_6/f3251_33/d3251_33/d3251_33_00001.png,1,107434,1
hsf_6/f3251_33/d3251_33/d3251_33_00077.png,3,107435,3
hsf_6/f3251_33/d3251_33/d3251_33_00072.png,0,107436,0
hsf_6/f3251_33/d3251_33/d3251_33_00084.png,8,107437,8
hsf_6/f3251_33/d3251_33/d3251_33_00098.png,1,107438,1
hsf_6/f3251_33/d3251_33/d3251_33_00024.png,4,107439,4
hsf_6/f3251_33/d3251_33/d3251_33_00009.png,9,107440,9
hsf_6/f3251_33/d3251_33/d3251_33_00118.png,7,107441,7
hsf_6/f3251_33/d3251_33/d3251_33_00115.png,5,107443,5
hsf_6/f3251_33/d3251_33/d3251_33_00020.png,0,107444,0
hsf_6/f3251_33/d3251_33/d3251_33_00054.png,2,107445,2
hsf_6/f3251_33/d3251_33/d3251_33_00016.png,6,107446,6
hsf_6/f3251_33/d3251_33/d3251_33_00040.png,0,107447,0
hsf_6/f3251_33/d3251_33/d3251_33_00063.png,6,107448,6
hsf_6/f3251_33/d3251_33/d3251_33_00112.png,5,107449,5
hsf_6/f3251_33/d3251_33/d3251_33_00096.png,3,107450,3
hsf_6/f3251_33/d3251_33/d3251_33_00088.png,2,107451,2
hsf_6/f3251_33/d3251_33/d3251_33_00105.png,4,107452,4
hsf_6/f3251_33/d3251_33/d3251_33_00032.png,9,107453,9
hsf_6/f3251_33/d3251_33/d3251_33_00031.png,0,107454,0
hsf_6/f3251_33/d3251_33/d3251_33_00050.png,1,107455,1
hsf_6/f3251_33/d3251_33/d3251_33_00037.png,8,107456,8
hsf_6/f3251_33/d3251_33/d3251_33_00014.png,4,107459,4
hsf_6/f3251_33/d3251_33/d3251_33_00076.png,1,107460,1
hsf_6/f3251_33/d3251_33/d3251_33_00051.png,9,107461,9
hsf_6/f3251_33/d3251_33/d3251_33_00082.png,8,107462,8
hsf_6/f3251_33/d3251_33/d3251_33_00055.png,6,107463,6
